{"stats":{"minecraft:killed_by":{"minecraft:ghast":3,"minecraft:vindicator":4,"minecraft:ravager":1,"minecraft:magma_cube":2,"minecraft:piglin_brute":1,"minecraft:zombie":4},"minecraft:picked_up":{"minecraft:rotten_flesh":6,"minecraft:player_head":202,"minecraft:polished_blackstone_brick_wall":1,"minecraft:warped_roots":6},"minecraft:used":{"minecraft:lever":4,"minecraft:netherite_sword":7,"minecraft:writable_book":1,"minecraft:flint_and_steel":2,"minecraft:command_block":14,"minecraft:spawner":3,"minecraft:dark_oak_leaves":2,"minecraft:stone":1,"minecraft:zombie_spawn_egg":2,"minecraft:iron_door":1,"minecraft:piglin_brute_spawn_egg":2,"minecraft:totem_of_undying":5,"minecraft:oak_door":1,"minecraft:sand":8,"minecraft:written_book":1,"minecraft:obsidian":30},"minecraft:custom":{"minecraft:time_since_rest":15571,"minecraft:damage_absorbed":80,"minecraft:walk_one_cm":53584,"minecraft:sprint_one_cm":66518,"minecraft:damage_taken":20245,"minecraft:mob_kills":3,"minecraft:drop":3,"minecraft:damage_dealt":575,"minecraft:swim_one_cm":212,"minecraft:fly_one_cm":1600137,"minecraft:open_barrel":5,"minecraft:open_chest":3,"minecraft:crouch_one_cm":796,"minecraft:play_time":127134,"minecraft:deaths":70,"minecraft:sneak_time":1651,"minecraft:walk_under_water_one_cm":5391,"minecraft:interact_with_lectern":2,"minecraft:jump":286,"minecraft:time_since_death":15549,"minecraft:leave_game":9,"minecraft:walk_on_water_one_cm":3127,"minecraft:total_world_time":127134,"minecraft:fall_one_cm":196649},"minecraft:killed":{"minecraft:magma_cube":1,"minecraft:zombie":2},"minecraft:dropped":{"minecraft:iron_ingot":2,"minecraft:flint":4},"minecraft:mined":{"minecraft:grass":2}},"DataVersion":3465}