{"stats":{"minecraft:picked_up":{"minecraft:rotten_flesh":6,"minecraft:player_head":185},"minecraft:custom":{"minecraft:time_since_rest":5432,"minecraft:damage_taken":17130,"minecraft:crouch_one_cm":88,"minecraft:play_time":63845,"minecraft:sprint_one_cm":31255,"minecraft:damage_absorbed":80,"minecraft:deaths":59,"minecraft:walk_one_cm":27960,"minecraft:sneak_time":452,"minecraft:walk_under_water_one_cm":256,"minecraft:mob_kills":2,"minecraft:jump":182,"minecraft:damage_dealt":415,"minecraft:leave_game":7,"minecraft:walk_on_water_one_cm":2737,"minecraft:time_since_death":5414,"minecraft:total_world_time":63845,"minecraft:fall_one_cm":175288,"minecraft:fly_one_cm":280716},"minecraft:used":{"minecraft:oak_door":1,"minecraft:netherite_sword":5,"minecraft:lever":4,"minecraft:sand":8,"minecraft:command_block":14,"minecraft:stone":1,"minecraft:zombie_spawn_egg":2,"minecraft:iron_door":1,"minecraft:totem_of_undying":5},"minecraft:killed_by":{"minecraft:zombie":4},"minecraft:killed":{"minecraft:zombie":2},"minecraft:mined":{"minecraft:grass":2}},"DataVersion":3465}