{"stats":{"minecraft:killed":{"minecraft:magma_cube":1,"minecraft:zombie":2},"minecraft:custom":{"minecraft:time_since_rest":3543,"minecraft:damage_absorbed":80,"minecraft:walk_one_cm":54699,"minecraft:sprint_one_cm":69994,"minecraft:damage_taken":20465,"minecraft:mob_kills":3,"minecraft:drop":3,"minecraft:damage_dealt":585,"minecraft:swim_one_cm":212,"minecraft:fly_one_cm":2199725,"minecraft:open_barrel":5,"minecraft:open_chest":3,"minecraft:crouch_one_cm":1141,"minecraft:play_time":138453,"minecraft:deaths":71,"minecraft:sneak_time":2580,"minecraft:walk_under_water_one_cm":6060,"minecraft:interact_with_lectern":2,"minecraft:jump":303,"minecraft:time_since_death":3523,"minecraft:leave_game":10,"minecraft:walk_on_water_one_cm":4383,"minecraft:total_world_time":138453,"minecraft:fall_one_cm":196649},"minecraft:mined":{"minecraft:grass":2},"minecraft:used":{"minecraft:lever":4,"minecraft:netherite_sword":7,"minecraft:writable_book":1,"minecraft:flint_and_steel":2,"minecraft:command_block":14,"minecraft:spawner":3,"minecraft:dark_oak_leaves":2,"minecraft:stone":1,"minecraft:zombie_spawn_egg":2,"minecraft:iron_door":1,"minecraft:piglin_brute_spawn_egg":2,"minecraft:totem_of_undying":5,"minecraft:oak_door":1,"minecraft:sand":8,"minecraft:written_book":1,"minecraft:obsidian":30},"minecraft:dropped":{"minecraft:iron_ingot":2,"minecraft:flint":4},"minecraft:picked_up":{"minecraft:rotten_flesh":6,"minecraft:player_head":202,"minecraft:polished_blackstone_brick_wall":1,"minecraft:warped_roots":6},"minecraft:killed_by":{"minecraft:ghast":3,"minecraft:vindicator":4,"minecraft:ravager":1,"minecraft:magma_cube":2,"minecraft:piglin_brute":1,"minecraft:zombie":4}},"DataVersion":3465}