{"stats":{"minecraft:killed_by":{"minecraft:ravager":1,"minecraft:zombie":4,"minecraft:ghast":1},"minecraft:picked_up":{"minecraft:rotten_flesh":6,"minecraft:player_head":185},"minecraft:used":{"minecraft:oak_door":1,"minecraft:netherite_sword":5,"minecraft:lever":4,"minecraft:writable_book":1,"minecraft:sand":8,"minecraft:written_book":1,"minecraft:flint_and_steel":1,"minecraft:command_block":14,"minecraft:spawner":3,"minecraft:dark_oak_leaves":2,"minecraft:stone":1,"minecraft:zombie_spawn_egg":2,"minecraft:iron_door":1,"minecraft:piglin_brute_spawn_egg":2,"minecraft:totem_of_undying":5,"minecraft:obsidian":13},"minecraft:custom":{"minecraft:open_barrel":5,"minecraft:time_since_rest":16097,"minecraft:damage_taken":18100,"minecraft:crouch_one_cm":646,"minecraft:play_time":110285,"minecraft:sprint_one_cm":62510,"minecraft:damage_absorbed":80,"minecraft:deaths":61,"minecraft:walk_one_cm":45235,"minecraft:sneak_time":1361,"minecraft:walk_under_water_one_cm":256,"minecraft:mob_kills":2,"minecraft:interact_with_lectern":2,"minecraft:drop":3,"minecraft:jump":255,"minecraft:damage_dealt":415,"minecraft:leave_game":9,"minecraft:walk_on_water_one_cm":2737,"minecraft:time_since_death":16091,"minecraft:total_world_time":110285,"minecraft:open_chest":2,"minecraft:fall_one_cm":180425,"minecraft:fly_one_cm":962557},"minecraft:killed":{"minecraft:zombie":2},"minecraft:dropped":{"minecraft:iron_ingot":2,"minecraft:flint":4},"minecraft:mined":{"minecraft:grass":2}},"DataVersion":3465}