{
  "stellarity:cursed_tome/root": {
    "criteria": {
      "requirement": "2024-10-27 16:15:56 +0000"
    },
    "done": true
  },
  "minecraft:recipes/decorations/crafting_table": {
    "criteria": {
      "unlock_right_away": "2024-10-27 16:15:56 +0000"
    },
    "done": true
  },
  "vanilla_refresh:player/end_teleport": {
    "criteria": {
      "s3": "2024-10-27 16:15:56 +0000"
    },
    "done": false
  },
  "incendium:technical/new_player": {
    "criteria": {
      "requirement": "2024-10-27 16:15:56 +0000"
    },
    "done": true
  },
  "stellarity:dragons_den/cursed_tome/root": {
    "criteria": {
      "requirement": "2024-10-27 16:15:56 +0000"
    },
    "done": true
  },
  "vanilla_refresh:player/tick": {
    "criteria": {
      "s": "2024-10-27 16:15:56 +0000"
    },
    "done": true
  },
  "blazeandcave:bacap/advancement_legend": {
    "criteria": {
      "stone_age": "2024-10-27 16:30:38 +0000",
      "write_your_thoughts": "2024-10-29 00:18:06 +0000",
      "i_am_root": "2024-10-29 00:36:36 +0000",
      "ice_bucket_challenge": "2024-10-27 21:38:08 +0000",
      "lucky_break": "2024-10-27 21:41:51 +0000",
      "acquire_hardware": "2024-10-27 16:58:22 +0000",
      "half_heart_life": "2024-10-29 00:17:53 +0000",
      "monster_hunter": "2024-10-27 16:54:30 +0000",
      "leveraging_synergy": "2024-10-27 16:31:07 +0000",
      "time_to_strike": "2024-10-27 16:54:27 +0000",
      "high_temperature_fluid_monster": "2024-10-29 00:38:17 +0000",
      "your_door_was_locked": "2024-10-27 16:58:17 +0000",
      "deep_slate_nine": "2024-10-27 21:38:04 +0000",
      "burnt_right_into_your_soul": "2024-10-29 00:20:08 +0000",
      "strike_a_light": "2024-10-27 21:38:22 +0000",
      "meet_the_flintstones": "2024-10-27 21:38:22 +0000",
      "its_original_form": "2024-10-27 16:30:38 +0000",
      "kilometre_walk": "2024-10-29 00:41:50 +0000",
      "we_need_to_go_deeper": "2024-10-27 21:38:22 +0000",
      "dead_dont_die": "2024-10-27 16:54:30 +0000",
      "eeuuwww": "2024-10-29 00:20:32 +0000",
      "monsters_root": "2024-10-27 16:54:27 +0000",
      "postmortal": "2024-10-27 17:09:35 +0000",
      "a_terrible_fortress": "2024-10-29 00:38:40 +0000",
      "statistics_root": "2024-10-27 17:02:54 +0000",
      "the_sea_calls_you": "2024-10-29 00:41:50 +0000",
      "and_open": "2024-10-27 16:58:22 +0000",
      "nether_root": "2024-10-27 21:38:26 +0000",
      "trimming_the_treetops": "2024-10-29 00:19:55 +0000",
      "limbo_walker": "2024-10-27 21:39:57 +0000",
      "i_dont_like_sand": "2024-10-27 16:55:18 +0000",
      "heart_of_darkness": "2024-10-27 16:55:25 +0000",
      "loser": "2024-10-27 16:18:15 +0000",
      "the_first_night": "2024-10-27 17:02:53 +0000",
      "et_tu_brute": "2024-10-29 00:36:08 +0000",
      "those_were_the_days": "2024-10-29 00:39:16 +0000",
      "smooth_operator": "2024-10-29 00:41:53 +0000",
      "just_keep_swimming": "2024-10-27 16:32:23 +0000",
      "biomes_root": "2024-10-27 16:33:21 +0000",
      "bacap_root": "2024-10-27 16:15:58 +0000",
      "weaponry_root": "2024-10-27 16:54:27 +0000",
      "under_pressure": "2024-10-27 21:37:33 +0000",
      "adventure_root": "2024-10-27 16:33:21 +0000",
      "an_amazing_story": "2024-10-29 00:18:06 +0000"
    },
    "done": false
  },
  "incendium:technical/scroll_of_returning": {
    "criteria": {
      "log_spam_fixer": "2024-10-27 16:15:58 +0000"
    },
    "done": false
  },
  "blazeandcave:bacap/root": {
    "criteria": {
      "location": "2024-10-27 16:15:58 +0000"
    },
    "done": true
  },
  "incendium:technical/using/ragnarok": {
    "criteria": {
      "log_spam_fixer": "2024-10-27 16:15:58 +0000"
    },
    "done": false
  },
  "incendium:technical/using/trailblazer": {
    "criteria": {
      "log_spam_fixer": "2024-10-27 16:15:58 +0000"
    },
    "done": false
  },
  "incendium:technical/using/shield": {
    "criteria": {
      "log_spam_fixer": "2024-10-27 16:15:58 +0000"
    },
    "done": false
  },
  "vanilla_refresh:biome/terralith/lavender_forest": {
    "criteria": {
      "requirement": "2024-10-27 16:16:06 +0000"
    },
    "done": true
  },
  "blazeandcave:weaponry/loser": {
    "criteria": {
      "trigger": "2024-10-27 16:18:15 +0000"
    },
    "done": true
  },
  "blazeandcave:bacap/weaponry_milestone": {
    "criteria": {
      "half_heart_life": "2024-10-29 00:17:53 +0000",
      "root": "2024-10-27 16:54:27 +0000",
      "loser": "2024-10-27 16:18:15 +0000"
    },
    "done": false
  },
  "vanilla_refresh:biome/terralith/highland_forest": {
    "criteria": {
      "requirement": "2024-10-27 16:28:18 +0000"
    },
    "done": true
  },
  "minecraft:recipes/building_blocks/stone_bricks": {
    "criteria": {
      "has_stone": "2024-10-27 16:30:37 +0000"
    },
    "done": true
  },
  "minecraft:story/mine_stone": {
    "criteria": {
      "stone": "2024-10-27 16:30:37 +0000"
    },
    "done": true
  },
  "minecraft:recipes/building_blocks/stone_bricks_from_stone_stonecutting": {
    "criteria": {
      "has_stone": "2024-10-27 16:30:37 +0000"
    },
    "done": true
  },
  "minecraft:recipes/building_blocks/stone_slab": {
    "criteria": {
      "has_stone": "2024-10-27 16:30:37 +0000"
    },
    "done": true
  },
  "minecraft:recipes/building_blocks/stone_stairs_from_stone_stonecutting": {
    "criteria": {
      "has_stone": "2024-10-27 16:30:37 +0000"
    },
    "done": true
  },
  "blazeandcave:challenges/all_the_blocks": {
    "criteria": {
      "sand": "2024-10-27 16:55:18 +0000",
      "cobweb": "2024-10-29 00:20:31 +0000",
      "warped_roots": "2024-10-29 00:36:36 +0000",
      "dark_oak_leaves": "2024-10-29 00:19:55 +0000",
      "lever": "2024-10-27 16:31:05 +0000",
      "polished_blackstone_brick_wall": "2024-10-29 00:36:06 +0000",
      "spruce_trapdoor": "2024-10-27 17:01:42 +0000",
      "oak_door": "2024-10-27 16:58:33 +0000",
      "obsidian": "2024-10-27 21:38:07 +0000",
      "stone": "2024-10-27 16:30:37 +0000",
      "iron_door": "2024-10-27 16:58:17 +0000"
    },
    "done": false
  },
  "minecraft:recipes/redstone/stone_button": {
    "criteria": {
      "has_stone": "2024-10-27 16:30:37 +0000"
    },
    "done": true
  },
  "minecraft:recipes/decorations/stonecutter": {
    "criteria": {
      "has_stone": "2024-10-27 16:30:37 +0000"
    },
    "done": true
  },
  "minecraft:recipes/redstone/stone_pressure_plate": {
    "criteria": {
      "has_stone": "2024-10-27 16:30:37 +0000"
    },
    "done": true
  },
  "minecraft:recipes/building_blocks/smooth_stone": {
    "criteria": {
      "has_stone": "2024-10-27 16:30:37 +0000"
    },
    "done": true
  },
  "blazeandcave:building/its_original_form": {
    "criteria": {
      "stone": "2024-10-27 16:30:37 +0000"
    },
    "done": true
  },
  "minecraft:recipes/decorations/stone_brick_walls_from_stone_stonecutting": {
    "criteria": {
      "has_stone": "2024-10-27 16:30:37 +0000"
    },
    "done": true
  },
  "minecraft:recipes/building_blocks/stone_brick_slab_from_stone_stonecutting": {
    "criteria": {
      "has_stone": "2024-10-27 16:30:37 +0000"
    },
    "done": true
  },
  "minecraft:recipes/building_blocks/stone_brick_stairs_from_stone_stonecutting": {
    "criteria": {
      "has_stone": "2024-10-27 16:30:37 +0000"
    },
    "done": true
  },
  "minecraft:recipes/building_blocks/stone_slab_from_stone_stonecutting": {
    "criteria": {
      "has_stone": "2024-10-27 16:30:37 +0000"
    },
    "done": true
  },
  "minecraft:recipes/building_blocks/chiseled_stone_bricks_stone_from_stonecutting": {
    "criteria": {
      "has_stone": "2024-10-27 16:30:37 +0000"
    },
    "done": true
  },
  "minecraft:recipes/building_blocks/stone_stairs": {
    "criteria": {
      "has_stone": "2024-10-27 16:30:37 +0000"
    },
    "done": true
  },
  "blazeandcave:bacap/mining_milestone": {
    "criteria": {
      "deep_slate_nine": "2024-10-27 21:38:04 +0000",
      "stone_age": "2024-10-27 16:30:38 +0000",
      "we_need_to_go_deeper": "2024-10-27 21:38:22 +0000",
      "eeuuwww": "2024-10-29 00:20:32 +0000",
      "strike_a_light": "2024-10-27 21:38:22 +0000",
      "meet_the_flintstones": "2024-10-27 21:38:22 +0000",
      "ice_bucket_challenge": "2024-10-27 21:38:08 +0000",
      "lucky_break": "2024-10-27 21:41:51 +0000",
      "acquire_hardware": "2024-10-27 16:58:22 +0000",
      "heart_of_darkness": "2024-10-27 16:55:25 +0000"
    },
    "done": false
  },
  "blazeandcave:bacap/building_milestone": {
    "criteria": {
      "its_original_form": "2024-10-27 16:30:38 +0000",
      "i_dont_like_sand": "2024-10-27 16:55:18 +0000",
      "and_open": "2024-10-27 16:58:22 +0000",
      "your_door_was_locked": "2024-10-27 16:58:17 +0000"
    },
    "done": false
  },
  "blazeandcave:redstone/engineer": {
    "criteria": {
      "oak_door": "2024-10-27 16:58:33 +0000",
      "iron_door": "2024-10-27 16:58:17 +0000",
      "lever": "2024-10-27 16:31:05 +0000"
    },
    "done": false
  },
  "blazeandcave:redstone/master_engineer": {
    "criteria": {
      "lever": "2024-10-27 16:31:05 +0000"
    },
    "done": false
  },
  "blazeandcave:challenges/stack_all_the_blocks": {
    "criteria": {
      "lever": "2024-10-27 16:31:05 +0000",
      "spruce_trapdoor": "2024-10-27 17:01:42 +0000"
    },
    "done": false
  },
  "blazeandcave:redstone/leveraging_synergy": {
    "criteria": {
      "lever": "2024-10-27 16:31:06 +0000"
    },
    "done": true
  },
  "blazeandcave:bacap/redstone_milestone": {
    "criteria": {
      "leveraging_synergy": "2024-10-27 16:31:07 +0000",
      "under_pressure": "2024-10-27 21:37:33 +0000"
    },
    "done": false
  },
  "minecraft:recipes/transportation/cherry_boat": {
    "criteria": {
      "in_water": "2024-10-27 16:32:18 +0000"
    },
    "done": true
  },
  "minecraft:recipes/transportation/bamboo_raft": {
    "criteria": {
      "in_water": "2024-10-27 16:32:18 +0000"
    },
    "done": true
  },
  "minecraft:recipes/transportation/spruce_boat": {
    "criteria": {
      "in_water": "2024-10-27 16:32:18 +0000"
    },
    "done": true
  },
  "minecraft:recipes/transportation/birch_boat": {
    "criteria": {
      "in_water": "2024-10-27 16:32:18 +0000"
    },
    "done": true
  },
  "minecraft:recipes/transportation/oak_boat": {
    "criteria": {
      "in_water": "2024-10-27 16:32:18 +0000"
    },
    "done": true
  },
  "minecraft:recipes/transportation/mangrove_boat": {
    "criteria": {
      "in_water": "2024-10-27 16:32:18 +0000"
    },
    "done": true
  },
  "blazeandcave:biomes/just_keep_swimming": {
    "criteria": {
      "enter_water": "2024-10-27 16:32:18 +0000"
    },
    "done": true
  },
  "blazeandcave:technical/fail_dragon_vs": {
    "criteria": {
      "enter_water": "2024-10-27 16:32:18 +0000"
    },
    "done": true
  },
  "minecraft:recipes/transportation/acacia_boat": {
    "criteria": {
      "in_water": "2024-10-27 16:32:18 +0000"
    },
    "done": true
  },
  "minecraft:recipes/transportation/jungle_boat": {
    "criteria": {
      "in_water": "2024-10-27 16:32:18 +0000"
    },
    "done": true
  },
  "minecraft:recipes/transportation/dark_oak_boat": {
    "criteria": {
      "in_water": "2024-10-27 16:32:18 +0000"
    },
    "done": true
  },
  "blazeandcave:bacap/biomes_milestone": {
    "criteria": {
      "kilometre_walk": "2024-10-29 00:41:50 +0000",
      "just_keep_swimming": "2024-10-27 16:32:23 +0000",
      "smooth_operator": "2024-10-29 00:41:53 +0000",
      "root": "2024-10-27 16:33:21 +0000",
      "the_sea_calls_you": "2024-10-29 00:41:50 +0000"
    },
    "done": false
  },
  "blazeandcave:biomes/root": {
    "criteria": {
      "killed_by_something": "2024-10-27 16:33:21 +0000"
    },
    "done": true
  },
  "stellarity:events/on_death": {
    "criteria": {
      "requirement": "2024-10-27 16:33:21 +0000"
    },
    "done": true
  },
  "minecraft:adventure/root": {
    "criteria": {
      "killed_by_something": "2024-10-27 16:33:21 +0000"
    },
    "done": true
  },
  "blazeandcave:bacap/adventure_milestone": {
    "criteria": {
      "postmortal": "2024-10-27 17:09:35 +0000",
      "root": "2024-10-27 16:33:21 +0000"
    },
    "done": false
  },
  "blazeandcave:challenges/death_from_all": {
    "criteria": {
      "ravager": "2024-10-27 21:41:47 +0000",
      "magma_cube": "2024-10-29 00:38:01 +0000",
      "zombie": "2024-10-27 16:33:21 +0000",
      "ghast": "2024-10-29 00:16:07 +0000",
      "piglin_brute": "2024-10-29 00:36:08 +0000",
      "vindicator": "2024-10-29 00:36:32 +0000"
    },
    "done": false
  },
  "blazeandcave:weaponry/root": {
    "criteria": {
      "sword": "2024-10-27 16:54:27 +0000"
    },
    "done": true
  },
  "blazeandcave:challenges/stack_all_the_items": {
    "criteria": {
      "netherite_sword": "2024-10-27 16:54:27 +0000",
      "writable_book": "2024-10-29 00:18:06 +0000",
      "flint_and_steel": "2024-10-27 21:38:12 +0000",
      "totem_of_undying": "2024-10-27 17:01:59 +0000",
      "enchanted_book": "2024-10-27 21:41:50 +0000"
    },
    "done": false
  },
  "blazeandcave:challenges/all_the_items": {
    "criteria": {
      "netherite_sword": "2024-10-27 16:54:27 +0000",
      "writable_book": "2024-10-29 00:18:06 +0000",
      "flint": "2024-10-27 21:38:21 +0000",
      "magma_cream": "2024-10-29 00:38:16 +0000",
      "flint_and_steel": "2024-10-27 21:38:12 +0000",
      "totem_of_undying": "2024-10-27 17:01:59 +0000",
      "iron_ingot": "2024-10-27 16:58:22 +0000",
      "rotten_flesh": "2024-10-27 16:54:30 +0000",
      "written_book": "2024-10-29 00:18:06 +0000",
      "enchanted_book": "2024-10-27 21:41:50 +0000"
    },
    "done": false
  },
  "blazeandcave:bacap/monsters_milestone": {
    "criteria": {
      "dead_dont_die": "2024-10-27 16:54:30 +0000",
      "root": "2024-10-27 16:54:27 +0000",
      "monster_hunter": "2024-10-27 16:54:30 +0000"
    },
    "done": false
  },
  "blazeandcave:bacap/time_to_strike": {
    "criteria": {
      "netherite_sword": "2024-10-27 16:54:27 +0000"
    },
    "done": true
  },
  "blazeandcave:monsters/root": {
    "criteria": {
      "sword": "2024-10-27 16:54:27 +0000"
    },
    "done": true
  },
  "blazeandcave:weaponry/multiclassed": {
    "criteria": {
      "sword": "2024-10-27 16:54:28 +0000"
    },
    "done": false
  },
  "minecraft:adventure/kill_all_mobs": {
    "criteria": {
      "minecraft:magma_cube": "2024-10-29 00:38:16 +0000",
      "minecraft:zombie": "2024-10-27 16:54:30 +0000"
    },
    "done": false
  },
  "blazeandcave:monsters/dead_dont_die": {
    "criteria": {
      "zombie": "2024-10-27 16:54:30 +0000"
    },
    "done": true
  },
  "blazeandcave:monsters/night_runner": {
    "criteria": {
      "zombie": "2024-10-27 16:54:30 +0000"
    },
    "done": false
  },
  "minecraft:adventure/kill_a_mob": {
    "criteria": {
      "monster_hunter": "2024-10-27 16:54:30 +0000"
    },
    "done": true
  },
  "minecraft:recipes/building_blocks/light_gray_concrete_powder": {
    "criteria": {
      "has_sand": "2024-10-27 16:55:18 +0000"
    },
    "done": true
  },
  "minecraft:recipes/building_blocks/pink_concrete_powder": {
    "criteria": {
      "has_sand": "2024-10-27 16:55:18 +0000"
    },
    "done": true
  },
  "minecraft:recipes/building_blocks/red_concrete_powder": {
    "criteria": {
      "has_sand": "2024-10-27 16:55:18 +0000"
    },
    "done": true
  },
  "minecraft:recipes/building_blocks/brown_concrete_powder": {
    "criteria": {
      "has_sand": "2024-10-27 16:55:18 +0000"
    },
    "done": true
  },
  "minecraft:recipes/building_blocks/light_blue_concrete_powder": {
    "criteria": {
      "has_sand": "2024-10-27 16:55:18 +0000"
    },
    "done": true
  },
  "minecraft:recipes/building_blocks/glass": {
    "criteria": {
      "has_smelts_to_glass": "2024-10-27 16:55:18 +0000"
    },
    "done": true
  },
  "minecraft:recipes/building_blocks/green_concrete_powder": {
    "criteria": {
      "has_sand": "2024-10-27 16:55:18 +0000"
    },
    "done": true
  },
  "minecraft:recipes/building_blocks/blue_concrete_powder": {
    "criteria": {
      "has_sand": "2024-10-27 16:55:18 +0000"
    },
    "done": true
  },
  "blazeandcave:building/i_dont_like_sand": {
    "criteria": {
      "sand": "2024-10-27 16:55:18 +0000"
    },
    "done": true
  },
  "minecraft:recipes/building_blocks/white_concrete_powder": {
    "criteria": {
      "has_sand": "2024-10-27 16:55:18 +0000"
    },
    "done": true
  },
  "minecraft:recipes/building_blocks/lime_concrete_powder": {
    "criteria": {
      "has_sand": "2024-10-27 16:55:18 +0000"
    },
    "done": true
  },
  "minecraft:recipes/building_blocks/orange_concrete_powder": {
    "criteria": {
      "has_sand": "2024-10-27 16:55:18 +0000"
    },
    "done": true
  },
  "minecraft:recipes/building_blocks/magenta_concrete_powder": {
    "criteria": {
      "has_sand": "2024-10-27 16:55:18 +0000"
    },
    "done": true
  },
  "minecraft:recipes/building_blocks/yellow_concrete_powder": {
    "criteria": {
      "has_sand": "2024-10-27 16:55:18 +0000"
    },
    "done": true
  },
  "minecraft:recipes/building_blocks/sandstone": {
    "criteria": {
      "has_sand": "2024-10-27 16:55:18 +0000"
    },
    "done": true
  },
  "minecraft:recipes/building_blocks/gray_concrete_powder": {
    "criteria": {
      "has_sand": "2024-10-27 16:55:18 +0000"
    },
    "done": true
  },
  "minecraft:recipes/building_blocks/black_concrete_powder": {
    "criteria": {
      "has_sand": "2024-10-27 16:55:18 +0000"
    },
    "done": true
  },
  "minecraft:recipes/building_blocks/purple_concrete_powder": {
    "criteria": {
      "has_sand": "2024-10-27 16:55:18 +0000"
    },
    "done": true
  },
  "minecraft:recipes/building_blocks/cyan_concrete_powder": {
    "criteria": {
      "has_sand": "2024-10-27 16:55:18 +0000"
    },
    "done": true
  },
  "blazeandcave:mining/heart_of_darkness": {
    "criteria": {
      "enter_cave": "2024-10-27 16:55:24 +0000"
    },
    "done": true
  },
  "blazeandcave:potion/a_much_more_doable_challenge": {
    "criteria": {
      "regeneration": "2024-10-27 17:09:35 +0000",
      "mining_fatigue": "2024-10-27 21:41:44 +0000",
      "poison": "2024-10-29 00:16:50 +0000",
      "absorption": "2024-10-27 17:09:35 +0000",
      "fire_resistance": "2024-10-27 17:09:35 +0000",
      "slow_falling": "2024-10-27 16:56:09 +0000"
    },
    "done": false
  },
  "blazeandcave:building/your_door_was_locked": {
    "criteria": {
      "door": "2024-10-27 16:58:17 +0000"
    },
    "done": true
  },
  "minecraft:recipes/combat/iron_leggings": {
    "criteria": {
      "has_iron_ingot": "2024-10-27 16:58:22 +0000"
    },
    "done": true
  },
  "minecraft:recipes/combat/iron_chestplate": {
    "criteria": {
      "has_iron_ingot": "2024-10-27 16:58:22 +0000"
    },
    "done": true
  },
  "minecraft:recipes/misc/iron_nugget": {
    "criteria": {
      "has_iron_ingot": "2024-10-27 16:58:22 +0000"
    },
    "done": true
  },
  "minecraft:recipes/misc/bucket": {
    "criteria": {
      "has_iron_ingot": "2024-10-27 16:58:22 +0000"
    },
    "done": true
  },
  "minecraft:recipes/combat/iron_helmet": {
    "criteria": {
      "has_iron_ingot": "2024-10-27 16:58:22 +0000"
    },
    "done": true
  },
  "minecraft:recipes/transportation/minecart": {
    "criteria": {
      "has_iron_ingot": "2024-10-27 16:58:22 +0000"
    },
    "done": true
  },
  "minecraft:recipes/tools/iron_hoe": {
    "criteria": {
      "has_iron_ingot": "2024-10-27 16:58:22 +0000"
    },
    "done": true
  },
  "minecraft:story/smelt_iron": {
    "criteria": {
      "iron": "2024-10-27 16:58:22 +0000"
    },
    "done": true
  },
  "minecraft:recipes/tools/shears": {
    "criteria": {
      "has_iron_ingot": "2024-10-27 16:58:22 +0000"
    },
    "done": true
  },
  "minecraft:recipes/decorations/chain": {
    "criteria": {
      "has_iron_ingot": "2024-10-27 16:58:22 +0000"
    },
    "done": true
  },
  "minecraft:recipes/building_blocks/iron_block": {
    "criteria": {
      "has_iron_ingot": "2024-10-27 16:58:22 +0000"
    },
    "done": true
  },
  "blazeandcave:building/and_open": {
    "criteria": {
      "iron_door": "2024-10-27 16:58:22 +0000"
    },
    "done": true
  },
  "minecraft:recipes/decorations/smithing_table": {
    "criteria": {
      "has_iron_ingot": "2024-10-27 16:58:22 +0000"
    },
    "done": true
  },
  "blazeandcave:enchanting/complete_enchanter": {
    "criteria": {
      "unbreaking": "2024-10-27 16:58:22 +0000",
      "feather_falling_book": "2024-10-27 21:41:50 +0000"
    },
    "done": false
  },
  "blazeandcave:challenges/ultimate_enchanter": {
    "criteria": {
      "unbreaking1": "2024-10-27 16:58:22 +0000",
      "feather_falling2_book": "2024-10-27 21:41:50 +0000"
    },
    "done": false
  },
  "minecraft:recipes/combat/iron_sword": {
    "criteria": {
      "has_iron_ingot": "2024-10-27 16:58:22 +0000"
    },
    "done": true
  },
  "minecraft:recipes/tools/iron_pickaxe": {
    "criteria": {
      "has_iron_ingot": "2024-10-27 16:58:22 +0000"
    },
    "done": true
  },
  "minecraft:recipes/combat/shield": {
    "criteria": {
      "has_iron_ingot": "2024-10-27 16:58:22 +0000"
    },
    "done": true
  },
  "minecraft:recipes/redstone/hopper": {
    "criteria": {
      "has_iron_ingot": "2024-10-27 16:58:22 +0000"
    },
    "done": true
  },
  "minecraft:recipes/decorations/iron_bars": {
    "criteria": {
      "has_iron_ingot": "2024-10-27 16:58:22 +0000"
    },
    "done": true
  },
  "minecraft:recipes/combat/iron_boots": {
    "criteria": {
      "has_iron_ingot": "2024-10-27 16:58:22 +0000"
    },
    "done": true
  },
  "minecraft:recipes/decorations/lantern": {
    "criteria": {
      "has_iron_ingot": "2024-10-27 16:58:22 +0000"
    },
    "done": true
  },
  "minecraft:recipes/tools/iron_shovel": {
    "criteria": {
      "has_iron_ingot": "2024-10-27 16:58:22 +0000"
    },
    "done": true
  },
  "minecraft:recipes/redstone/iron_trapdoor": {
    "criteria": {
      "has_iron_ingot": "2024-10-27 16:58:22 +0000"
    },
    "done": true
  },
  "minecraft:recipes/tools/iron_axe": {
    "criteria": {
      "has_iron_ingot": "2024-10-27 16:58:22 +0000"
    },
    "done": true
  },
  "minecraft:recipes/combat/crossbow": {
    "criteria": {
      "has_iron_ingot": "2024-10-27 16:58:22 +0000"
    },
    "done": true
  },
  "minecraft:recipes/redstone/iron_door": {
    "criteria": {
      "has_iron_ingot": "2024-10-27 16:58:22 +0000"
    },
    "done": true
  },
  "minecraft:recipes/redstone/heavy_weighted_pressure_plate": {
    "criteria": {
      "has_iron_ingot": "2024-10-27 16:58:22 +0000"
    },
    "done": true
  },
  "blazeandcave:building/professor_oak": {
    "criteria": {
      "oak_door": "2024-10-27 16:58:33 +0000"
    },
    "done": false
  },
  "blazeandcave:building/spruce_lee": {
    "criteria": {
      "spruce_trapdoor": "2024-10-27 17:01:42 +0000"
    },
    "done": false
  },
  "blazeandcave:bacap/statistics_milestone": {
    "criteria": {
      "the_first_night": "2024-10-27 17:02:53 +0000",
      "root": "2024-10-27 17:02:54 +0000"
    },
    "done": false
  },
  "blazeandcave:statistics/the_first_night": {
    "criteria": {
      "trigger": "2024-10-27 17:02:53 +0000"
    },
    "done": true
  },
  "blazeandcave:statistics/root": {
    "criteria": {
      "the_first_night": "2024-10-27 17:02:53 +0000"
    },
    "done": true
  },
  "blazeandcave:technical/stat_branch2_mid": {
    "criteria": {
      "root": "2024-10-27 17:02:54 +0000"
    },
    "done": true
  },
  "blazeandcave:technical/stat_branch4_mid": {
    "criteria": {
      "root": "2024-10-27 17:02:54 +0000"
    },
    "done": true
  },
  "blazeandcave:technical/stat_branch6_mid": {
    "criteria": {
      "root": "2024-10-27 17:02:54 +0000"
    },
    "done": true
  },
  "blazeandcave:technical/stat_branch8_mid": {
    "criteria": {
      "root": "2024-10-27 17:02:54 +0000"
    },
    "done": true
  },
  "blazeandcave:technical/stat_branch1_mid": {
    "criteria": {
      "root": "2024-10-27 17:02:54 +0000"
    },
    "done": true
  },
  "blazeandcave:technical/stat_branch3_mid": {
    "criteria": {
      "root": "2024-10-27 17:02:54 +0000"
    },
    "done": true
  },
  "blazeandcave:technical/stat_branch5_mid": {
    "criteria": {
      "root": "2024-10-27 17:02:54 +0000"
    },
    "done": true
  },
  "blazeandcave:technical/stat_branch7_mid": {
    "criteria": {
      "root": "2024-10-27 17:02:54 +0000"
    },
    "done": true
  },
  "blazeandcave:technical/stat_branch9_mid": {
    "criteria": {
      "root": "2024-10-27 17:02:54 +0000"
    },
    "done": true
  },
  "vanilla_refresh:biome/terralith/sakura_grove": {
    "criteria": {
      "requirement": "2024-10-27 17:07:19 +0000"
    },
    "done": true
  },
  "minecraft:adventure/totem_of_undying": {
    "criteria": {
      "used_totem": "2024-10-27 17:09:35 +0000"
    },
    "done": true
  },
  "vanilla_refresh:biome/lush_caves": {
    "criteria": {
      "requirement": "2024-10-27 17:56:04 +0000"
    },
    "done": true
  },
  "blazeandcave:challenges/explorer_of_worlds": {
    "criteria": {
      "lush_caves": "2024-10-27 17:56:05 +0000",
      "dark_forest": "2024-10-29 00:45:14 +0000",
      "frozen_ocean": "2024-10-29 00:42:18 +0000",
      "dripstone_caves": "2024-10-27 21:38:03 +0000",
      "forest": "2024-10-29 00:50:45 +0000",
      "deep_frozen_ocean": "2024-10-29 00:41:50 +0000",
      "deep_cold_ocean": "2024-10-29 00:43:19 +0000",
      "old_growth_birch_forest": "2024-10-29 00:46:52 +0000",
      "windswept_forest": "2024-10-29 00:45:13 +0000"
    },
    "done": false
  },
  "blazeandcave:mining/spelunker": {
    "criteria": {
      "dripstone_caves": "2024-10-27 21:38:03 +0000",
      "lush_caves": "2024-10-27 17:56:05 +0000"
    },
    "done": false
  },
  "hopo:minecraft/adventure/all_mineshaft": {
    "criteria": {
      "locate_oak_mineshaft": "2024-10-27 17:56:15 +0000"
    },
    "done": false
  },
  "hopo:minecraft/adventure/locate_mineshaft": {
    "criteria": {
      "locate_oak_mineshaft": "2024-10-27 17:56:15 +0000"
    },
    "done": true
  },
  "blazeandcave:redstone/under_pressure": {
    "criteria": {
      "spruce_pressure_plate": "2024-10-27 21:37:32 +0000"
    },
    "done": true
  },
  "vanilla_refresh:biome/dripstone_caves": {
    "criteria": {
      "requirement": "2024-10-27 21:37:48 +0000"
    },
    "done": true
  },
  "blazeandcave:mining/deep_slate_nine": {
    "criteria": {
      "deepslate_level": "2024-10-27 21:38:03 +0000"
    },
    "done": true
  },
  "minecraft:recipes/tools/flint_and_steel": {
    "criteria": {
      "has_obsidian": "2024-10-27 21:38:07 +0000"
    },
    "done": true
  },
  "minecraft:story/form_obsidian": {
    "criteria": {
      "obsidian": "2024-10-27 21:38:07 +0000"
    },
    "done": true
  },
  "minecraft:recipes/decorations/enchanting_table": {
    "criteria": {
      "has_obsidian": "2024-10-27 21:38:07 +0000"
    },
    "done": true
  },
  "stellarity:recipes/crying_obsidian_with_popped_chorus": {
    "criteria": {
      "has_item1": "2024-10-27 21:38:07 +0000"
    },
    "done": true
  },
  "minecraft:recipes/decorations/fletching_table": {
    "criteria": {
      "has_flint": "2024-10-27 21:38:21 +0000"
    },
    "done": true
  },
  "minecraft:recipes/combat/arrow": {
    "criteria": {
      "has_flint": "2024-10-27 21:38:21 +0000"
    },
    "done": true
  },
  "blazeandcave:mining/meet_the_flintstones": {
    "criteria": {
      "flint": "2024-10-27 21:38:21 +0000"
    },
    "done": true
  },
  "blazeandcave:mining/strike_a_light": {
    "criteria": {
      "candle": "2024-10-27 21:38:21 +0000"
    },
    "done": true
  },
  "minecraft:story/enter_the_nether": {
    "criteria": {
      "entered_nether_portal": "2024-10-27 21:38:22 +0000"
    },
    "done": true
  },
  "incendium:root": {
    "criteria": {
      "requirement": "2024-10-27 21:38:25 +0000"
    },
    "done": true
  },
  "minecraft:nether/root": {
    "criteria": {
      "nether": "2024-10-27 21:38:25 +0000"
    },
    "done": true
  },
  "vanilla_refresh:location/the_nether": {
    "criteria": {
      "requirement": "2024-10-27 21:38:25 +0000"
    },
    "done": true
  },
  "incendium:toxic_heap/root": {
    "criteria": {
      "requirement": "2024-10-27 21:38:26 +0000"
    },
    "done": true
  },
  "blazeandcave:bacap/nether_milestone": {
    "criteria": {
      "limbo_walker": "2024-10-27 21:39:57 +0000",
      "i_am_root": "2024-10-29 00:36:36 +0000",
      "high_temperature_fluid_monster": "2024-10-29 00:38:17 +0000",
      "burnt_right_into_your_soul": "2024-10-29 00:20:08 +0000",
      "et_tu_brute": "2024-10-29 00:36:08 +0000",
      "those_were_the_days": "2024-10-29 00:39:16 +0000",
      "a_terrible_fortress": "2024-10-29 00:38:40 +0000",
      "root": "2024-10-27 21:38:26 +0000"
    },
    "done": false
  },
  "incendium:misc/soul_searcher": {
    "criteria": {
      "incendium:ash_barrens": "2024-10-27 21:39:56 +0000",
      "incendium:quartz_flats": "2024-10-27 21:39:46 +0000",
      "incendium:toxic_heap": "2024-10-27 21:38:26 +0000"
    },
    "done": false
  },
  "vanilla_refresh:biome/incendium/toxic_heap": {
    "criteria": {
      "requirement": "2024-10-27 21:38:30 +0000"
    },
    "done": true
  },
  "vanilla_refresh:biome/incendium/quartz_flats": {
    "criteria": {
      "requirement": "2024-10-27 21:39:46 +0000"
    },
    "done": true
  },
  "incendium:misc/root": {
    "criteria": {
      "incendium:quartz_flats": "2024-10-27 21:39:46 +0000"
    },
    "done": true
  },
  "incendium:quartz_flats/root": {
    "criteria": {
      "requirement": "2024-10-27 21:39:46 +0000"
    },
    "done": true
  },
  "incendium:quartz_flats/sanctum/root": {
    "criteria": {
      "requirement": "2024-10-27 21:39:47 +0000"
    },
    "done": true
  },
  "blazeandcave:nether/limbo_walker": {
    "criteria": {
      "world_height": "2024-10-27 21:39:56 +0000"
    },
    "done": true
  },
  "vanilla_refresh:biome/incendium/ash_barrens": {
    "criteria": {
      "requirement": "2024-10-27 21:39:56 +0000"
    },
    "done": true
  },
  "incendium:ash_barrens/root": {
    "criteria": {
      "requirement": "2024-10-27 21:39:56 +0000"
    },
    "done": true
  },
  "blazeandcave:mining/lucky_break": {
    "criteria": {
      "lucky_break": "2024-10-27 21:41:50 +0000"
    },
    "done": true
  },
  "dungeons_arise:wda_root": {
    "criteria": {
      "WDA": "2024-10-29 00:15:13 +0000"
    },
    "done": true
  },
  "incendium:toxic_heap/slime_poison": {
    "criteria": {
      "poison": "2024-10-29 00:16:50 +0000"
    },
    "done": true
  },
  "blazeandcave:weaponry/half_heart_life": {
    "criteria": {
      "trigger": "2024-10-29 00:17:53 +0000"
    },
    "done": true
  },
  "blazeandcave:bacap/farming_milestone": {
    "criteria": {
      "trimming_the_treetops": "2024-10-29 00:19:55 +0000",
      "write_your_thoughts": "2024-10-29 00:18:06 +0000",
      "an_amazing_story": "2024-10-29 00:18:06 +0000"
    },
    "done": false
  },
  "blazeandcave:farming/write_your_thoughts": {
    "criteria": {
      "writable_book": "2024-10-29 00:18:06 +0000"
    },
    "done": true
  },
  "blazeandcave:farming/an_amazing_story": {
    "criteria": {
      "written_book": "2024-10-29 00:18:06 +0000"
    },
    "done": true
  },
  "blazeandcave:farming/trimming_the_treetops": {
    "criteria": {
      "leaves": "2024-10-29 00:19:55 +0000"
    },
    "done": true
  },
  "blazeandcave:nether/burnt_right_into_your_soul": {
    "criteria": {
      "soul_fire": "2024-10-29 00:20:08 +0000"
    },
    "done": true
  },
  "blazeandcave:mining/eeuuwww": {
    "criteria": {
      "cobweb": "2024-10-29 00:20:31 +0000"
    },
    "done": true
  },
  "incendium:ash_barrens/enter_castle": {
    "criteria": {
      "requirement": "2024-10-29 00:22:15 +0000"
    },
    "done": true
  },
  "incendium:technical/sentrys_wrath": {
    "criteria": {
      "log_spam_fixer": "2024-10-29 00:51:02 +0000"
    },
    "done": false
  },
  "incendium:technical/inventory/sentrys_wrath": {
    "criteria": {
      "log_spam_fixer": "2024-10-29 00:51:02 +0000"
    },
    "done": false
  },
  "incendium:technical/feed_ghastling": {
    "criteria": {
      "log_spam_fixer": "2024-10-29 00:51:02 +0000"
    },
    "done": false
  },
  "incendium:technical/on_player_hurt": {
    "criteria": {
      "log_spam_fixer": "2024-10-29 00:51:02 +0000"
    },
    "done": false
  },
  "incendium:technical/firestorm": {
    "criteria": {
      "log_spam_fixer": "2024-10-29 00:51:02 +0000"
    },
    "done": false
  },
  "incendium:technical/inventory/firestorm": {
    "criteria": {
      "log_spam_fixer": "2024-10-29 00:51:02 +0000"
    },
    "done": false
  },
  "incendium:technical/give_ghastling": {
    "criteria": {
      "log_spam_fixer": "2024-10-29 00:51:02 +0000"
    },
    "done": false
  },
  "incendium:technical/on_kill": {
    "criteria": {
      "log_spam_fixer": "2024-10-29 00:51:02 +0000"
    },
    "done": false
  },
  "incendium:technical/multiplex_crossbow": {
    "criteria": {
      "log_spam_fixer": "2024-10-29 00:51:02 +0000"
    },
    "done": false
  },
  "incendium:technical/on_inventory_change": {
    "criteria": {
      "log_spam_fixer": "2024-10-29 00:51:02 +0000"
    },
    "done": false
  },
  "incendium:technical/holy_wrath": {
    "criteria": {
      "log_spam_fixer": "2024-10-29 00:51:02 +0000"
    },
    "done": false
  },
  "incendium:technical/on_block": {
    "criteria": {
      "log_spam_fixer": "2024-10-29 00:51:02 +0000"
    },
    "done": false
  },
  "minecraft:recipes/building_blocks/magma_block": {
    "criteria": {
      "has_magma_cream": "2024-10-29 00:38:16 +0000"
    },
    "done": true
  },
  "vanilla_refresh:player/hurt": {
    "criteria": {
      "requirement": "2024-10-29 00:42:09 +0000"
    },
    "done": true
  },
  "blazeandcave:biomes/high_feet": {
    "criteria": {
      "windswept_forest": "2024-10-29 00:45:13 +0000"
    },
    "done": false
  },
  "blazeandcave:monsters/hell_hunter": {
    "criteria": {
      "magma_cube": "2024-10-29 00:38:16 +0000"
    },
    "done": false
  },
  "blazeandcave:biomes/the_sea_calls_you": {
    "criteria": {
      "ocean": "2024-10-29 00:41:50 +0000"
    },
    "done": true
  },
  "incendium:toxic_heap/mystic_wisdom": {
    "criteria": {
      "waste": "2024-10-29 00:40:35 +0000"
    },
    "done": false
  },
  "blazeandcave:adventure/raidin_master": {
    "criteria": {
      "bastion_remnant": "2024-10-29 00:39:14 +0000",
      "fortress": "2024-10-29 00:38:40 +0000"
    },
    "done": false
  },
  "blazeandcave:biomes/one_with_the_forest": {
    "criteria": {
      "old_growth_birch_forest": "2024-10-29 00:46:52 +0000",
      "forest": "2024-10-29 00:50:45 +0000",
      "dark_forest": "2024-10-29 00:45:14 +0000"
    },
    "done": false
  },
  "incendium:infernal_dunes/pipeline/root": {
    "criteria": {
      "requirement": "2024-10-29 00:41:22 +0000"
    },
    "done": true
  },
  "nova_structures:nether/find_nether_skeleton": {
    "criteria": {
      "minecraft:fortress": "2024-10-29 00:38:40 +0000"
    },
    "done": false
  },
  "blazeandcave:building/blackstonehenge": {
    "criteria": {
      "polished_blackstone_brick_wall": "2024-10-29 00:36:06 +0000"
    },
    "done": false
  },
  "blazeandcave:biomes/kilometre_walk": {
    "criteria": {
      "outer_neg_z": "2024-10-29 00:41:50 +0000",
      "outer_neg_x": "2024-10-29 00:41:50 +0000"
    },
    "done": true
  },
  "vanilla_refresh:biome/taiga": {
    "criteria": {
      "requirement": "2024-10-29 00:45:13 +0000"
    },
    "done": true
  },
  "incendium:toxic_heap/nuclear_fusion": {
    "criteria": {
      "incendium:waste": "2024-10-29 00:40:35 +0000"
    },
    "done": true
  },
  "blazeandcave:nether/high_temperature_fluid_monster": {
    "criteria": {
      "magma_cube": "2024-10-29 00:38:16 +0000"
    },
    "done": true
  },
  "blazeandcave:nether/et_tu_brute": {
    "criteria": {
      "piglin_brute": "2024-10-29 00:36:08 +0000"
    },
    "done": true
  },
  "blazeandcave:biomes/smooth_operator": {
    "criteria": {
      "smooth_operator": "2024-10-29 00:41:52 +0000"
    },
    "done": true
  },
  "vanilla_refresh:biome/ocean": {
    "criteria": {
      "requirement": "2024-10-29 00:41:50 +0000"
    },
    "done": true
  },
  "blazeandcave:building/crazy_walls": {
    "criteria": {
      "polished_blackstone_brick_wall": "2024-10-29 00:36:06 +0000"
    },
    "done": false
  },
  "vanilla_refresh:biome/dark_forest": {
    "criteria": {
      "requirement": "2024-10-29 00:46:51 +0000"
    },
    "done": true
  },
  "blazeandcave:challenges/highway_to_hell": {
    "criteria": {
      "magma_cube": "2024-10-29 00:38:16 +0000"
    },
    "done": false
  },
  "blazeandcave:biomes/wet_feet": {
    "criteria": {
      "frozen_ocean": "2024-10-29 00:42:18 +0000",
      "deep_cold_ocean": "2024-10-29 00:43:19 +0000",
      "deep_frozen_ocean": "2024-10-29 00:41:50 +0000"
    },
    "done": false
  },
  "minecraft:adventure/adventuring_time": {
    "criteria": {
      "forest": "2024-10-29 00:50:45 +0000",
      "birch_forest": "2024-10-29 00:46:52 +0000",
      "cold_ocean": "2024-10-29 00:43:19 +0000",
      "dark_forest": "2024-10-29 00:45:14 +0000",
      "frozen_ocean": "2024-10-29 00:41:50 +0000",
      "windswept_hills": "2024-10-29 00:45:13 +0000"
    },
    "done": false
  },
  "minecraft:nether/find_bastion": {
    "criteria": {
      "bastion_remnant": "2024-10-29 00:39:14 +0000"
    },
    "done": true
  },
  "vanilla_refresh:biome/forest": {
    "criteria": {
      "requirement": "2024-10-29 00:50:46 +0000"
    },
    "done": true
  },
  "minecraft:nether/find_fortress": {
    "criteria": {
      "fortress": "2024-10-29 00:38:40 +0000"
    },
    "done": true
  },
  "blazeandcave:nether/i_am_root": {
    "criteria": {
      "nether_roots": "2024-10-29 00:36:36 +0000"
    },
    "done": true
  },
  "vanilla_refresh:biome/birch_forest": {
    "criteria": {
      "requirement": "2024-10-29 00:46:58 +0000"
    },
    "done": true
  },
  "DataVersion": 3465
}